{"cameraMode":{"drawMode":0,"name":"Shaded","section":"Shading Mode"},"sceneLighting":false,"audioPlay":false,"sceneViewState":{"m_AlwaysRefresh":false,"showFog":true,"showSkybox":false,"showFlares":true,"showImageEffects":true,"showParticleSystems":true,"showVisualEffectGraphs":true,"m_FxEnabled":true},"in2DMode":false,"pivot":{"x":11.550658226013184,"y":2.0668420791625978,"z":11.751432418823243},"rotation":{"x":0.11039873212575913,"y":-0.4579385221004486,"z":0.05754045769572258,"w":0.880296528339386},"size":1.3302379846572877,"orthographic":false}