{"cameraMode":{"drawMode":0,"name":"Shaded","section":"Shading Mode"},"sceneLighting":true,"audioPlay":false,"sceneViewState":{"m_AlwaysRefresh":false,"showFog":true,"showSkybox":true,"showFlares":true,"showImageEffects":true,"showParticleSystems":true,"showVisualEffectGraphs":true,"m_FxEnabled":true},"in2DMode":false,"pivot":{"x":291.2727966308594,"y":386.38970947265627,"z":354.32452392578127},"rotation":{"x":0.10592637211084366,"y":-0.01564534567296505,"z":-0.0029591002967208626,"w":-0.9939492344856262},"size":482.3580322265625,"orthographic":false}