{"cameraMode":{"drawMode":0,"name":"Shaded","section":"Shading Mode"},"sceneLighting":true,"audioPlay":false,"sceneViewState":{"m_AlwaysRefresh":false,"showFog":true,"showSkybox":true,"showFlares":true,"showImageEffects":true,"showParticleSystems":true,"showVisualEffectGraphs":true,"m_FxEnabled":true},"in2DMode":false,"pivot":{"x":1.7720928192138672,"y":0.8640526533126831,"z":0.6895784139633179},"rotation":{"x":0.06713014096021652,"y":-0.01885192282497883,"z":-0.0012890258803963662,"w":-0.9976137280464172},"size":0.8660253882408142,"orthographic":false}