{"cameraMode":{"drawMode":0,"name":"Shaded","section":"Shading Mode"},"sceneLighting":false,"audioPlay":false,"sceneViewState":{"m_AlwaysRefresh":false,"showFog":true,"showSkybox":false,"showFlares":true,"showImageEffects":true,"showParticleSystems":true,"showVisualEffectGraphs":true,"m_FxEnabled":true},"in2DMode":false,"pivot":{"x":-6.9929986000061039,"y":32.61943817138672,"z":51.99330520629883},"rotation":{"x":-0.004485466051846743,"y":0.5232362747192383,"z":0.0035674499813467266,"w":0.8519070744514465},"size":2.437222957611084,"orthographic":false}